優先度,事業者名,代表者名,士業の種類,エリア,サイト基盤,連絡手段,URL,受注率が高そうな理由,指摘の種,接触状況,提案,選定理由
S,たかはし行政書士事務所,髙橋幸男,行政書士,深谷市,不明,takahashi_gyousei@icloud.com,https://akitsu-office.com/,2026年2月に無料プレビューのヒアリングシートに回答済み（既知のリード）,要確認,送信済み 2026-09-15,shigyo-re,既知のリード。再接触の文面は個別に調整（『その節はありがとうございました』の一言を冒頭に）
S,川合司法書士事務所,川合賢,司法書士,本庄市,Wix,kawai719715@gmail.com / 0495-71-9715,https://www.kawai-office.net/,Wixテンプレートのまま更新日付やお知らせが無く、代表1人で司法書士・土地家屋調査士・行政書士を兼ねる小規模事務所。,連絡先がGmailのフリーメールで、問い合わせフォームが無い。,送信済み 2026-09-15,shigyo,士業向け（事務所サイトの無料デザイン案＋顧問先パートナー提案・会社資料添付）
S,行政書士かわせ法務事務所,川瀬邦俊,行政書士,本庄市,独自（Googleサイト）,kawase-office@catnet.jp / 0495-22-8817,https://sites.google.com/view/g-kawase,旧URL（catnet.jp）が404で、無料のGoogleサイトに移転済み。独自ドメインが無く上里・美里・寄居まで対応エリアに明記。,URLがsites.google.comのままで独自ドメインが無い。,送信済み 2026-09-15,shigyo,士業向け（事務所サイトの無料デザイン案＋顧問先パートナー提案・会社資料添付）
S,千葉行政書士事務所,千葉慶一,行政書士,本庄市（児玉町）,独自,info@office-chiba.com / フォーム / 0495-72-3042,https://office-chiba.com/,幅880px固定・viewport未設定の手組みHTMLで、トピックスの最終更新が2023年12月で止まっている。,スマホ非対応（viewport未設定・固定幅880px）。,送信済み 2026-09-15,shigyo,士業向け（事務所サイトの無料デザイン案＋顧問先パートナー提案・会社資料添付）
A,行政書士小山法務事務所,小山信浩,行政書士,本庄市,Wix,電話 0495-71-7033（メール・フォームは確認できず）,https://www.koyama-office.org/,Wixで©2021のまま更新日付が無く、お知らせ欄も無い。代表1人体制。,問い合わせ導線が電話のみで、メールアドレス・フォームが見当たらない。,未,shigyo,士業向け（事務所サイトの無料デザイン案＋顧問先パートナー提案・会社資料添付）
S,武正めぐみ社会保険労務士事務所,武正めぐみ,社会保険労務士,本庄市,独自（Crayon無料HP作成）,フォーム / 090-7177-9968,https://sr-take.crayonsite.info/,無料HP作成サービスのサブドメイン（crayonsite.info）で独自ドメインが無く、トップページ約10KBの最小構成。,独自ドメインが無く、電話番号が携帯のみ。,未,shigyo,士業向け（事務所サイトの無料デザイン案＋顧問先パートナー提案・会社資料添付）
A,井草社会保険労務士事務所,不明,社会保険労務士,本庄市,Wix,takaakiigusa@nifty.com / 0495-21-1882,https://www.igusa-sr-office.com/,Wixテンプレートで代表者名・更新日の記載が無く、メールはniftyのプロバイダアドレス。駐車場3台の小規模事務所。,代表者名・プロフィールがサイト上に載っていない。,送信済み 2026-09-15,shigyo,士業向け（事務所サイトの無料デザイン案＋顧問先パートナー提案・会社資料添付）
A,税理士法人曽根会計事務所,曽根和也,税理士,熊谷市,独自,電話のみ 048-523-9814（メール・フォームなし）,http://www.sonetax.com/,Copyright表記が2003〜2023で止まり、https接続は自己署名証明書でブラウザ警告が出る。税理士2名＋スタッフ4名の小規模。,HTTPS接続で証明書エラーが出る（自己署名証明書）。,未,shigyo,士業向け（事務所サイトの無料デザイン案＋顧問先パートナー提案・会社資料添付）
S,森恒美社会保険労務士事務所,森恒美,社会保険労務士,深谷市,独自（ホームページ・ビルダー）,happyandhappy@tbc.t-com.ne.jp / フォーム / 048-574-9812,http://www.sr-mori.com/,ホームページ・ビルダー製でviewport未設定、httpのみでSSL無し。対応エリアに伊勢崎・太田まで明記。,常時SSL未対応（httpのまま）でスマホ非対応。,送信済み 2026-09-15,shigyo,士業向け（事務所サイトの無料デザイン案＋顧問先パートナー提案・会社資料添付）
A,新井税理士事務所,新井政雄,税理士,深谷市,Wix,info@ara-zei.com / フォーム,https://www.ara-zei.com/,Wixテンプレートでお知らせに日付が無く、トップページに電話番号が載っていない。,トップページに電話番号の記載が無い。,送信済み 2026-09-15,shigyo,士業向け（事務所サイトの無料デザイン案＋顧問先パートナー提案・会社資料添付）
S,新井行政法務事務所,新井浩二,行政書士,深谷市,独自,info@araioffice.com / 048-587-1505,https://www.araioffice.com/,Copyright表記が©2006のままで、お知らせ・更新日の記載が一切無い。,Copyrightが2006年表記のまま。,送信済み 2026-09-15,shigyo,士業向け（事務所サイトの無料デザイン案＋顧問先パートナー提案・会社資料添付）
A,ワンストップサービス・増田事務所,増田雅久,税理士・社会保険労務士・行政書士,行田市,独自,フォーム / 048-556-1485,https://www.sr-ma.com/,トップページ約5KBの簡素な構成で更新日や実績が無い。平成6年開業で3士業を代表1人が担う個人事務所。,3士業対応・開業30年の強みがトップページに出ていない。,未,shigyo,士業向け（事務所サイトの無料デザイン案＋顧問先パートナー提案・会社資料添付）
A,山崎克則司法書士事務所,山崎克則,司法書士,秩父市,独自（Strikingly）,qqbn7wt9k@titan.ocn.ne.jp / フォーム / 0494-26-5747,https://www.yamasaki-shoshi.com/,海外製ビルダー（Strikingly）製でviewport未設定、写真素材はUnsplash、メールはOCN付与のランダム文字列。,メールアドレスがプロバイダ付与のランダム文字列。,送信済み 2026-09-15,shigyo,士業向け（事務所サイトの無料デザイン案＋顧問先パートナー提案・会社資料添付）
A,いがらし司法書士事務所,五十嵐正敏,司法書士,秩父市,独自（あきばれホームページ）,電話 0494-26-5562（お問合せページあり・メール不明）,http://www.wakaba-houmu.jp/,テンプレート型HP作成サービス製で、viewport未設定・httpsなし。,常時SSL未対応（httpのまま）。,未,shigyo,士業向け（事務所サイトの無料デザイン案＋顧問先パートナー提案・会社資料添付）
B,司法書士行政書士すえひろ事務所,不明,司法書士・行政書士,熊谷市,Jimdo,isobe@sg-suehiro.com / 048-599-3131,https://www.sg-suehiro.com/,Jimdoテンプレートで問い合わせフォームが無く電話中心。代表者名がサイト上に無い。,問い合わせフォームが無い。,送信済み 2026-09-15,shigyo,士業向け（事務所サイトの無料デザイン案＋顧問先パートナー提案・会社資料添付）
S,山口三知夫行政書士事務所,山口三知夫,行政書士,川越市,Jimdo,フォーム / 049-277-8461,https://sachio-office.jimdofree.com/,Jimdo無料版（jimdofree.com）で独自ドメインが無く、更新日付も無い。,無料版Jimdoのサブドメインのまま。,未,shigyo,士業向け（事務所サイトの無料デザイン案＋顧問先パートナー提案・会社資料添付）
S,野崎克司行政書士事務所,野崎克司,行政書士,川越市,独自（ホームページV3）,nzk@nozaki-gyousei.com / フォーム / 049-299-6061,https://nozaki-gyousei.com/,トップに「2013/05/18 更新」と表示されたままで、viewport未設定。,「2013年更新」表記が残っている。,送信済み 2026-09-15,shigyo,士業向け（事務所サイトの無料デザイン案＋顧問先パートナー提案・会社資料添付）
S,社会保険労務士中村亨事務所,中村亨,社会保険労務士,所沢市,独自（ホームページ・ビルダー11）,フォーム / 04-2995-6662,http://www.nakamura-j.jp/,2005年版ビルダー製でcopyright(C)2005、https非対応（TLS未対応）。1993年開業の個人事務所。,常時SSL未対応で、Copyrightが2005年のまま。,未,shigyo,士業向け（事務所サイトの無料デザイン案＋顧問先パートナー提案・会社資料添付）
S,中田真人司法書士事務所,中田真人,司法書士,さいたま市中央区,WordPress,フォーム / 048-858-8656,http://www.nakata-shihoshoshi.com/,WordPress 5.6でviewport未設定、httpsのSSL証明書が期限切れ。,SSL証明書が期限切れ。,未,shigyo,士業向け（事務所サイトの無料デザイン案＋顧問先パートナー提案・会社資料添付）
S,行政書士三石事務所,三石哲也,行政書士,伊勢崎市（群馬）,Jimdo,フォーム / メール（サイト内記載） / 050-3555-0112,https://www.mitsuishi-office.net/,Jimdoで©2017のまま、お知らせ・ブログの更新日付が無い。,Copyright 2017のまま。,未,shigyo,士業向け（事務所サイトの無料デザイン案＋顧問先パートナー提案・会社資料添付）
A,社会保険労務士つちや事務所,土屋貴治,社会保険労務士,高崎市（群馬）,独自,フォーム / 0274-50-7008,https://www.tsuchiya-sr.jp/,viewport未設定でスマホでは縮小表示。お知らせは2026年3月で更新自体は続いている。,スマホ非対応（viewport未設定）。,未,shigyo,士業向け（事務所サイトの無料デザイン案＋顧問先パートナー提案・会社資料添付）
