事業者名,業種,エリア,サイト基盤,メールアドレス,URL,接触状況
京之助カイロ整体院／さいたま整体スクール,整体・スクール,さいたま市浦和区,ペライチ,hkyomoto@yahoo.co.jp,https://saitamaseitai-school.hp.peraichi.com/,未
整体Anima,整体（自律神経）,鶴ヶ島市・川越市,ペライチ,d.zzt231@icloud.com,https://anima.hp.peraichi.com/seitai/,未
FITNESS STUDIO i,ジュニアフィジカル,吉川市,ペライチ,fitnesssaloni2022@gmail.com,https://yoshikawasaitama.hp.peraichi.com/,未
STUDIO PLUM,ダンススタジオ,さいたま市北区,ペライチ,studio.plum8668@gmail.com,https://nmqea.hp.peraichi.com/studio.plum/,未
SHUTTLE KIDS,バドミントン,久喜市・春日部市ほか,ペライチ,shuttlekids.saitama@gmail.com,https://shuttlekids.hp.peraichi.com/saitama/,未
やまさきピアノスクール,ピアノ,さいたま市見沼区,アメブロ,yamasaki_piano_school@yahoo.co.jp,https://ameblo.jp/yamasakipiano/,未
長浜ピアノ教室,ピアノ,加須市,アメブロ,nagahama.piano@gmail.com,https://ameblo.jp/nagahamapiano/,未
Salon de GIGI,ポーセラーツ,さいたま市浦和区・与野,アメブロ,lilsis.porce@gmail.com,https://ameblo.jp/lilgigi/,未
sweets myu,シフォンケーキ,埼玉県,ペライチ,tosatamam@yahoo.co.jp,https://sweetsmyupro.hp.peraichi.com/,未
