事業者名,業種,エリア,サイト基盤,メールアドレス,URL
ホリスティックケアメイ治療院,鍼灸・訪問治療,朝霞市,Jimdo,,https://holistic-care-mei.jimdofree.com/
美姿勢整体院SOW,整体,比企郡川島町,Jimdo,maru88958@gmail.com,https://salon-sow.jimdofree.com/
K.innovation,外壁塗装・大規模修繕,ふじみ野市,Jimdo,innovation.358@gmail.com,https://k-innovation.jimdofree.com/
カッパ水道,水道工事,さいたま市緑区,Jimdo,ytreform@gmail.com,https://saitamashimizumoreshuuri.jimdofree.com/
さいたま水道修理,水道工事,さいたま市,Jimdo,,https://oomiyatoiretumari.jimdofree.com/
株式会社エムズ,設計・施工・リフォーム,朝霞市,Wix,emuzu-maruyama@outlook.com,https://emuzu2011.wixsite.com/mysite
合同会社GLOWS,リフォーム・外構,川口市,Wix,info@mysite.com,https://glows2023.wixsite.com/glows
株式会社悠悠ホーム,リフォーム・リノベ,春日部市,Wix,haruharuhome.8686@gmail.com,https://haruharuhome8686.wixsite.com/my-site
吉田行政書士事務所,行政書士（相続・遺言）,坂戸市・鶴ヶ島市,Jimdo,y-mas@tbz.t-com.ne.jp,https://y-masgpr.jimdofree.com/
えはら行政書士事務所,行政書士,白岡市,Jimdo,ehara-gyousei@ab.auone-net.jp,https://ehara-gyousei.jimdofree.com/
相続・遺言 行政書士事務所,行政書士（相続）,上尾市,Jimdo,ageo@shirahatagsj.com,https://ageosouzokugsj.jimdofree.com/
猪熊税理士事務所,税理士,埼玉県（要確認）,Jimdo,inokuma.tax.office@gmail.com,https://inokuma-taxoffice.jimdofree.com/
ザスタジオ春日部,レンタルスタジオ・ヨガ,春日部市,Jimdo,thestudio358@gmail.com,https://thestudio1.jimdofree.com/
Homey Dance Studio,ダンススタジオ,所沢市,Wix,homeydancestudio7@gmail.com,https://jun106107.wixsite.com/website
Wing Flap,キッズチアダンス,草加市,Wix,wingflap07@gmail.com,https://wingflap.wixsite.com/wingflap
マヤバレエスタジオ,バレエ,北本市,Wix,mybstudio.life@gmail.com,https://cullife.wixsite.com/mayaballet
B.H.art-ballet,バレエ,川越市,Wix,b.h.artballet@gmail.com,https://bhartballet.wixsite.com/bhartballet
アルク Kiddy CAT 西堀フレンズ,子ども英語,さいたま市桜区,Jimdo,kiddycatnishibori@gmail.com,https://kiddycatnishibori.jimdofree.com/
シラキミュージックスクール,ギター・ボーカル,蕨市,Wix,shiraki.m.s@gmail.com,https://shirakims.wixsite.com/warabi
Nailsalon Fuu,ネイル・巻き爪,さいたま市南浦和,Wix,nailsalon.fuu@gmail.com,https://nailsalonfuu.wixsite.com/nail-salon-fuu
訪問美容nanairo,訪問美容,埼玉県,Jimdo,nanairo.0321w@gmail.com,https://nanairo0321w.jimdofree.com/
ひろさき音楽教室,ピアノ・エレクトーン,さいたま市南区,Jimdo,,https://mfmusicroom.jimdofree.com/
水谷音楽教室,ピアノ,さいたま市大宮区,Jimdo,etsukomzmo@yahoo.co.jp,https://mzmusicmihashi.jimdofree.com/
栩野音楽教室,歌・ピアノ,川口市安行,Jimdo,,https://pianoonngakudou.jimdofree.com/
